[
  {
    "id": 1,
    "name": "Camera",
    "price": 400,
    "rating": 4,
    "category": "electronics",
    "img": "https://rukminim1.flixcart.com/image/416/416/jydaqa80/dslr-camera/x/k/4/eos-eos-3000d-canon-original-imafgmjmcf2gjxfn.jpeg?q=70",
    "quantity": 0,
    "inCart": false,
    "discount": 30,
    "model": [
      {
        "modelId": 1,
        "modelName": "800D"
      },
      {
        "modelId": 2,
        "modelName": "90D"
      },
      {
        "modelId": 3,
        "modelName": "250D"
      }
    ],
    "reviews": [
      {
        "index": 1,
        "name": "John Doe",
        "rate": 5,
        "date": "Aug 5, 2019",
        "content": "Lorem ipsum dolor sit amet, consectetur adipiscing elit. Nulla metusneque, pharetra accumsan rhoncus feugiat, interdum cursus ipsum. Nullafacilisi. Nunc mi lorem, luctus a ultricies eu, vehicula at lectus."
      },
      {
        "index": 2,
        "name": "Jane Doe",
        "rate": 3,
        "date": "Mar 4, 2020",
        "content": "Lorem ipsum dolor sit amet, consectetur adipiscing elit. Nulla metusneque, pharetra accumsan rhoncus feugiat, interdum cursus ipsum. Nullafacilisi. Nunc mi lorem, luctus a ultricies eu, vehicula at lectus."
      }
    ],
    "gallery": [
      {
        "imgId": 1,
        "imgUrl": "https://rukminim1.flixcart.com/image/416/416/jydaqa80/dslr-camera/x/k/4/eos-eos-3000d-canon-original-imafgmjmcf2gjxfn.jpeg?q=70"
      },
      {
        "imgId": 2,
        "imgUrl": "https://rukminim1.flixcart.com/image/416/416/jydaqa80/dslr-camera/x/k/4/eos-eos-3000d-canon-original-imafeupuktbrayfy.jpeg?q=70"
      },
      {
        "imgId": 3,
        "imgUrl": "https://rukminim1.flixcart.com/image/416/416/jxw5g280/dslr-camera/x/k/4/eos-eos-3000d-canon-original-imafg8yhgmfxpgjk.jpeg?q=70"
      }
    ]
  },
  {
    "id": 2,
    "name": "Television",
    "price": 200,
    "rating": 5,
    "category": "electronics",
    "img": "https://rukminim1.flixcart.com/image/416/416/k9u8zgw0/television/d/t/k/mi-l32m5-al-original-imafrjtbngu9hrwz.jpeg?q=70",
    "quantity": 0,
    "inCart": false,
    "discount": 10,
    "model": [
      {
        "modelId": 1,
        "modelName": "43 inch"
      },
      {
        "modelId": 2,
        "modelName": "55 inch"
      },
      {
        "modelId": 3,
        "modelName": "75 inch"
      }
    ],
    "reviews": [
      {
        "index": 1,
        "name": "Jane Doe",
        "rate": 4,
        "date": "Aug 14, 2018",
        "content": " Lorem ipsum dolor sit amet, consectetur adipiscing elit. Nulla metusneque, pharetra accumsan rhoncus feugiat, interdum cursus ipsum. Nullafacilisi. Nunc mi lorem, luctus a ultricies eu, vehicula at lectus."
      }
    ],
    "gallery": [
      {
        "imgId": 1,
        "imgUrl": "https://rukminim1.flixcart.com/image/416/416/k9u8zgw0/television/d/t/k/mi-l32m5-al-original-imafrjtbngu9hrwz.jpeg?q=70"
      },
      {
        "imgId": 2,
        "imgUrl": "https://rukminim1.flixcart.com/image/416/416/k98tdow0/television/d/t/k/mi-l32m5-al-original-imafr2zwk6bnbdxv.jpeg?q=70"
      },
      {
        "imgId": 3,
        "imgUrl": "https://rukminim1.flixcart.com/image/416/416/k9pynww0/television/c/m/e/mi-l43m5-an-original-imafrgdnmxch5ywp.jpeg?q=70"
      }
    ]
  },
  {
    "id": 3,
    "name": "Phone",
    "price": 100,
    "rating": 3,
    "category": "electronics",
    "img": "https://rukminim1.flixcart.com/image/416/416/jm9hfgw0/mobile/g/h/c/apple-iphone-xs-mt9f2hn-a-original-imaf97f6zzfkzjcz.jpeg?q=70",
    "quantity": 0,
    "inCart": false,
    "discount": 0,
    "model": [
      {
        "modelId": 1,
        "modelName": "11"
      },
      {
        "modelId": 2,
        "modelName": "11 Pro"
      },
      {
        "modelId": 3,
        "modelName": "11 Max"
      }
    ],
    "reviews": [
      {
        "index": 1,
        "name": "John Doe",
        "rate": 5,
        "date": "Feb 14, 2018",
        "content": " Lorem ipsum dolor sit amet, consectetur adipiscing elit. Nulla metusneque, pharetra accumsan rhoncus feugiat, interdum cursus ipsum. Nullafacilisi. Nunc mi lorem, luctus a ultricies eu, vehicula at lectus."
      }
    ],
    "gallery": [
      {
        "imgId": 1,
        "imgUrl": "https://rukminim1.flixcart.com/image/416/416/jm9hfgw0/mobile/g/h/c/apple-iphone-xs-mt9f2hn-a-original-imaf97f6zzfkzjcz.jpeg?q=70"
      },
      {
        "imgId": 2,
        "imgUrl": "https://rukminim1.flixcart.com/image/416/416/jm9hfgw0/mobile/w/h/b/apple-iphone-xs-mt9m2hn-a-original-imaf97f6akbygkxt.jpeg?q=70"
      },
      {
        "imgId": 3,
        "imgUrl": "https://rukminim1.flixcart.com/image/416/416/jm9hfgw0/mobile/g/h/c/apple-iphone-xs-mt9f2hn-a-original-imaf97f6n7uky9hz.jpeg?q=70"
      }
    ]
  },
  {
    "id": 4,
    "name": "Laptop",
    "price": 500,
    "rating": 4,
    "category": "electronics",
    "img": "https://rukminim1.flixcart.com/image/416/416/k7285u80/computer/x/w/m/acer-original-imafpdyeeyndtnn3.jpeg?q=70",
    "quantity": 0,
    "inCart": false,
    "discount": 40,
    "model": [
      {
        "modelId": 1,
        "modelName": "i5"
      },
      {
        "modelId": 2,
        "modelName": "i7"
      }
    ],
    "reviews": [
      {
        "index": 1,
        "name": "John Doe",
        "rate": 4,
        "date": "Aug 14, 2018",
        "content": " Lorem ipsum dolor sit amet, consectetur adipiscing elit. Nulla metusneque, pharetra accumsan rhoncus feugiat, interdum cursus ipsum. Nullafacilisi. Nunc mi lorem, luctus a ultricies eu, vehicula at lectus."
      }
    ],
    "gallery": [
      {
        "imgId": 1,
        "imgUrl": "https://rukminim1.flixcart.com/image/416/416/k7285u80/computer/x/w/m/acer-original-imafpdyeeyndtnn3.jpeg?q=70"
      },
      {
        "imgId": 2,
        "imgUrl": "https://rukminim1.flixcart.com/image/416/416/k7285u80/computer/x/w/m/acer-original-imafpdyepx9fzvzb.jpeg?q=70"
      },
      {
        "imgId": 3,
        "imgUrl": "https://rukminim1.flixcart.com/image/416/416/k7285u80/computer/x/w/m/acer-original-imafpdyenh4ttgeg.jpeg?q=70"
      }
    ]
  },
  {
    "id": 5,
    "name": "PS4",
    "price": 300,
    "rating": 5,
    "category": "electronics",
    "img": "https://rukminim1.flixcart.com/image/416/416/k33c4nk0/gamingconsole/s/g/g/1-ps4-slim-sony-yes-dualshock-4-original-imafmakaeu7xvz6a.jpeg?q=70",
    "quantity": 0,
    "inCart": false,
    "discount": 10,
    "model": [
      {
        "modelId": 1,
        "modelName": "Slim"
      },
      {
        "modelId": 2,
        "modelName": "Pro"
      }
    ],
    "reviews": [
      {
        "index": 1,
        "name": "John Doe",
        "rate": 4,
        "date": "Aug 14, 2018",
        "content": " Lorem ipsum dolor sit amet, consectetur adipiscing elit. Nulla metusneque, pharetra accumsan rhoncus feugiat, interdum cursus ipsum. Nullafacilisi. Nunc mi lorem, luctus a ultricies eu, vehicula at lectus."
      }
    ],
    "gallery": [
      {
        "imgId": 1,
        "imgUrl": "https://rukminim1.flixcart.com/image/416/416/k33c4nk0/gamingconsole/s/g/g/1-ps4-slim-sony-yes-dualshock-4-original-imafmakaeu7xvz6a.jpeg?q=70"
      },
      {
        "imgId": 2,
        "imgUrl": "https://rukminim1.flixcart.com/image/416/416/k33c4nk0/gamingconsole/s/g/g/1-ps4-slim-sony-yes-dualshock-4-original-imafmakahdsqdqvh.jpeg?q=70"
      },
      {
        "imgId": 3,
        "imgUrl": "https://rukminim1.flixcart.com/image/416/416/k33c4nk0/gamingconsole/s/g/g/1-ps4-slim-sony-yes-dualshock-4-original-imafmakaqvyygge6.jpeg?q=70"
      }
    ]
  },
  {
    "id": 6,
    "name": "Fridge",
    "price": 100,
    "rating": 3,
    "category": "electronics",
    "img": "https://rukminim1.flixcart.com/image/416/416/k0bbb0w0/refrigerator-new/t/n/z/gl-d201abpy-5-lg-original-imafk4zzgzfdyzzf.jpeg?q=70",
    "quantity": 0,
    "inCart": false,
    "discount": 0,
    "model": [
      {
        "modelId": 1,
        "modelName": "Single Door"
      },
      {
        "modelId": 2,
        "modelName": "Double Door"
      }
    ],
    "reviews": [
      {
        "index": 1,
        "name": "John Doe",
        "rate": 4,
        "date": "Aug 14, 2018",
        "content": "Lorem ipsum dolor sit amet, consectetur adipiscing elit. Nulla metusneque, pharetra accumsan rhoncus feugiat, interdum cursus ipsum. Nullafacilisi. Nunc mi lorem, luctus a ultricies eu, vehicula at lectus."
      }
    ],
    "gallery": [
      {
        "imgId": 1,
        "imgUrl": "https://rukminim1.flixcart.com/image/416/416/k0bbb0w0/refrigerator-new/t/n/z/gl-d201abpy-5-lg-original-imafk4zzgzfdyzzf.jpeg?q=70"
      },
      {
        "imgId": 2,
        "imgUrl": "https://rukminim1.flixcart.com/image/416/416/k0bbb0w0/refrigerator-new/t/n/z/gl-d201abpy-5-lg-original-imafk4zqfbkyy73f.jpeg?q=70"
      },
      {
        "imgId": 3,
        "imgUrl": "https://rukminim1.flixcart.com/image/416/416/k0bbb0w0/refrigerator-new/t/n/z/gl-d201abpy-5-lg-original-imafk4zr79hugvdq.jpeg?q=70"
      }
    ]
  }
]
